{ "1":{
      "id": 1,
      "nombre": "Audi",
      "venta": 10
    },
    "2":{
      "id": 2,
      "nombre": "BMW",
      "venta": 15
    },
    "3":{
      "id": 3,
      "nombre": "Chevrolet",
      "venta": 11
    },
    "4":{
      "id": 4,
      "nombre": "Citroen",
      "venta": 9
    },
    "5":{
      "id": 5,
      "nombre": "Daihatsu",
      "venta": 5
    },
    "6":{
      "id": 6,
      "nombre": "Dodge",
      "venta": 20
    },
    "7":{
      "id": 7,
      "nombre": "Fiat",
      "venta": 10
    },
    "8":{
      "id": 8,
      "nombre": "Ford",
      "venta": 30
    },
    "9":{
      "id": 9,
      "nombre": "Subaru",
      "venta": 2
    },
    "10":{
      "id": 10,
      "nombre": "Hyndai",
      "venta": 10
    },
    "11":{
      "id": 11,
      "nombre": "Suzuki",
      "venta": 7
    },
    "12":{
      "id": 12,
      "nombre": "Seat",
      "venta": 40
    },
    "13":{
      "id": 13,
      "nombre": "Porche",
      "venta": 1
    },
    "14":{
      "id": 14,
      "nombre": "Lexus",
      "venta": 9
    },
    "15":{
      "id": 15,
      "nombre": "Honda",
      "venta": 2
    },
    "16":{
      "id": 16,
      "nombre": "Opel",
      "venta": 40
    },
    "17":{
      "id": 17,
      "nombre": "Infinity",
      "venta": 20
    },
    "18":{
      "id": 18,
      "nombre": "Jaguar",
      "venta": 25
    },
    "19":{
      "id": 19,
      "nombre": "Land Rover",
      "venta": 25
    },
    "20":{
      "id": 20,
      "nombre": "Manza",
      "venta": 3
    }
}
